{
	"info": {
		"_postman_id": "26c5397e-2163-4643-ae23-13c5eb581e25",
		"name": "LendingPad-SampleProject",
		"schema": "https://schema.getpostman.com/json/collection/v2.1.0/collection.json",
		"_exporter_id": "30292534"
	},
	"item": [
		{
			"name": "Initialize Sample Data",
			"item": [
				{
					"name": "Clear Users",
					"request": {
						"method": "DELETE",
						"header": [],
						"url": {
							"raw": "http://localhost:49834/users/clear",
							"protocol": "http",
							"host": [
								"localhost"
							],
							"port": "49834",
							"path": [
								"users",
								"clear"
							]
						}
					},
					"response": []
				},
				{
					"name": "Create User - John",
					"request": {
						"method": "POST",
						"header": [],
						"body": {
							"mode": "raw",
							"raw": "{\r\n    \"name\": \"John Smith\",\r\n    \"email\": \"mark@companya.com\",\r\n    \"type\": 2,\r\n    \"age\": 27,\r\n    \"annualSalary\": 72000,\r\n    \"tags\": [\"A\", \"C\", \"D\"]\r\n}",
							"options": {
								"raw": {
									"language": "json"
								}
							}
						},
						"url": {
							"raw": "http://localhost:49834/users/1422740e-6426-4c46-8445-3f5274a62424/create",
							"protocol": "http",
							"host": [
								"localhost"
							],
							"port": "49834",
							"path": [
								"users",
								"1422740e-6426-4c46-8445-3f5274a62424",
								"create"
							]
						}
					},
					"response": []
				},
				{
					"name": "Create User - Mark",
					"request": {
						"method": "POST",
						"header": [],
						"body": {
							"mode": "raw",
							"raw": "{\r\n    \"name\": \"Mark Williams\",\r\n    \"email\": \"mark@companya.com\",\r\n    \"type\": 1,\r\n    \"age\": 35,\r\n    \"annualSalary\": 120000,\r\n    \"tags\": [\"b\", \"c\", \"e\"]\r\n}",
							"options": {
								"raw": {
									"language": "json"
								}
							}
						},
						"url": {
							"raw": "http://localhost:49834/users/9422740e-6426-4c46-8445-3f5274a62424/create",
							"protocol": "http",
							"host": [
								"localhost"
							],
							"port": "49834",
							"path": [
								"users",
								"9422740e-6426-4c46-8445-3f5274a62424",
								"create"
							]
						}
					},
					"response": []
				},
				{
					"name": "Create User - Andy",
					"request": {
						"method": "POST",
						"header": [],
						"body": {
							"mode": "raw",
							"raw": "{\r\n    \"name\": \"Andy\",\r\n    \"email\": \"andy@companya.com\",\r\n    \"type\": 2,\r\n    \"age\": 34,\r\n    \"annualSalary\": 86000,\r\n    \"tags\": [\"D\"]\r\n}",
							"options": {
								"raw": {
									"language": "json"
								}
							}
						},
						"url": {
							"raw": "http://localhost:49834/users/8722740e-6426-4c46-8445-3f5274a62424/create",
							"protocol": "http",
							"host": [
								"localhost"
							],
							"port": "49834",
							"path": [
								"users",
								"8722740e-6426-4c46-8445-3f5274a62424",
								"create"
							]
						}
					},
					"response": []
				}
			]
		},
		{
			"name": "Tasks",
			"item": [
				{
					"name": "Create User",
					"request": {
						"method": "POST",
						"header": [],
						"body": {
							"mode": "raw",
							"raw": "//The exception \"PUT attempted on document 'users/1422740e-6426-4c46-8445-3f5274a62424' using a non current etag\" means that the record with the same ID already exists.\r\n{\r\n    \"name\": \"Mary\",\r\n    \"email\": \"mary@companya.com\",\r\n    \"type\": 1,\r\n    \"age\": 29,\r\n    \"annualSalary\": 80000,\r\n    \"tags\": []\r\n}",
							"options": {
								"raw": {
									"language": "json"
								}
							}
						},
						"url": {
							"raw": "http://localhost:49834/users/1422740e-6426-4c46-8445-3f5274a62424/create",
							"protocol": "http",
							"host": [
								"localhost"
							],
							"port": "49834",
							"path": [
								"users",
								"1422740e-6426-4c46-8445-3f5274a62424",
								"create"
							]
						}
					},
					"response": []
				},
				{
					"name": "Update User - A",
					"request": {
						"method": "POST",
						"header": [],
						"body": {
							"mode": "raw",
							"raw": "{\r\n    \"name\": \"Mark Williams (updated)\",\r\n    \"email\": null,\r\n    \"type\": 2,\r\n    \"age\": 29,\r\n    \"annualSalary\": 80000,\r\n    \"tags\": [\"A\", \"C\", \"D\"]\r\n}",
							"options": {
								"raw": {
									"language": "json"
								}
							}
						},
						"url": {
							"raw": "http://localhost:49834/users/9422740e-6426-4c46-8445-3f5274a62424/update",
							"protocol": "http",
							"host": [
								"localhost"
							],
							"port": "49834",
							"path": [
								"users",
								"9422740e-6426-4c46-8445-3f5274a62424",
								"update"
							]
						}
					},
					"response": []
				},
				{
					"name": "Update User - B",
					"request": {
						"method": "POST",
						"header": [],
						"body": {
							"mode": "raw",
							"raw": "{\r\n    \"name\": \"Mark Williams\",\r\n    \"email\": \"mark@companya.com\",\r\n    \"type\": 1,\r\n    \"age\": 29,\r\n    \"annualSalary\": null,\r\n    \"tags\": [\"A\", \"C\", \"D\"]\r\n}",
							"options": {
								"raw": {
									"language": "json"
								}
							}
						},
						"url": {
							"raw": "http://localhost:49834/users/9422740e-6426-4c46-8445-3f5274a62424/update",
							"protocol": "http",
							"host": [
								"localhost"
							],
							"port": "49834",
							"path": [
								"users",
								"9422740e-6426-4c46-8445-3f5274a62424",
								"update"
							]
						}
					},
					"response": []
				},
				{
					"name": "Update User - C",
					"request": {
						"method": "POST",
						"header": [],
						"body": {
							"mode": "raw",
							"raw": "{\r\n    \"name\": \"Mark Williams\",\r\n    \"email\": \"mark@companya.com\",\r\n    \"type\": 1,\r\n    \"age\": 29,\r\n    \"annualSalary\": 152000,\r\n    \"tags\": null\r\n}",
							"options": {
								"raw": {
									"language": "json"
								}
							}
						},
						"url": {
							"raw": "http://localhost:49834/users/9422740e-6426-4c46-8445-3f5274a62424/update",
							"protocol": "http",
							"host": [
								"localhost"
							],
							"port": "49834",
							"path": [
								"users",
								"9422740e-6426-4c46-8445-3f5274a62424",
								"update"
							]
						}
					},
					"response": []
				},
				{
					"name": "Get Users By Tag",
					"request": {
						"method": "GET",
						"header": [],
						"url": {
							"raw": "http://localhost:49834/users/list/tag?tag=C",
							"protocol": "http",
							"host": [
								"localhost"
							],
							"port": "49834",
							"path": [
								"users",
								"list",
								"tag"
							],
							"query": [
								{
									"key": "tag",
									"value": "C"
								}
							]
						}
					},
					"response": []
				}
			]
		},
		{
			"name": "Requests",
			"item": [
				{
					"name": "Products",
					"item": []
				},
				{
					"name": "Orders",
					"item": []
				}
			]
		}
	]
}